通し番号,PDFページ,原文番号,問,回答
1,1,1,基金の事業内容の検討や、基金造成にかかる金融機関の対応の必要があるため、外部事業者に本事業についての国説明資料等を提供してもよいか。,12/5の都道府県説明会資料(1部)、及び高等学校等教育改革促進事業費補助金交付要綱、高等学校等教育改革促進基金管理運営要領については、公表資料であるため、提供しても問題ありません。https://www.mext.go.jp/a_menu/shotou/kaikaku/1358056_00005.htm
2,1,2,事業の意思決定・推進体制の強化を図るため、「公募要領一式」「審査要項」「申請様式の記載例」「取組アイデア集」を事業関係者に共有してもよいか。,各都道府県に対して送付している資料は、その用途を踏まえつつ共有先を適切にご判断いただくようお願いします。以下の文部科学省のHPにおいて、公表資料を掲載していますので、こちらもご活用ください。https://www.mext.go.jp/a_menu/shotou/kaikaku/1358056_00006.htm
3,1,1,3(1)の「交付金の対象となる取組及び留意点等」の1産業界の伴走支援を受けながら行う教育課程の刷新とは、現行の学習指導要領に基づいて検討するのか。,現行学習指導要領や、現在行われている次期学習指導要領改訂の議論を踏まえて検討を行っていただくものです。
4,1,2,グランドデザインの有効期限は設定されているのか、されるのであれば何年間なのか。,グランドデザインは、2040年に向けた高校教育改革に関する基本方針です。
5,1,3,「交付金の運用に当たっては、各都道府県が取り組む高校改革に係る進捗管理や評価・改善の状況を適切に把握し、定期的な評価・公表を実施することが必要」となっているが、・評価は実行計画に対するものなのか、交付金の運用に対するものなのか。・評価を行う主体は、国なのか、都道府県なのか。・評価を行うのは、主体者なのか、⺠間業者等なのか。どれくらいの頻度で行うことを想定しているのか。,国が、実行計画の記載を含む高校教育改革に係る進捗管理を行い、適切な頻度で評価・公表を行うことを想定しています。
6,1,4,グランドデザイン(骨子)の視点1の「教育課程の柔軟化(教科・科目の柔軟な組み換えを含む。)」について、主には現在検討されている学習指導要領改訂の議論の内容と捉えているが、そうすると高校については実施はおよそ6年後と見込まれ、支援期間3年程度と整合しない。この点はどのように考えればよいか。,グランドデザインは2040年に向けた高校の姿を示すものであるため、基金の支援期間とは一致しません。グランドデザインにおいては、「安定財源を確保した上で、「高等学校教育改革交付金(仮称)」等の新たな財政支援の仕組みを構築することにより、地域人材育成の中心となる高校を応援し、高校生の学びを支援する」こととしています。
7,1,5,視点2について、『危機意識を共有し、進学希望者の理解、保護者や学校関係者の意識改革が必要」とあるが、意識改革への具体的な対策を提示していただきたい。,AI等によって社会全体が大きく変わり、従来の進路選択の見方が必ずしも今後妥当するものではなくなりつつあるという危機意識を社会全体で共有することや、今般の高校改革や各高校の一連の取組について、中学生やその保護者、中学校の関係者に対して広く共有することが重要であり、それにより、生徒や保護者が進学する高校の選択や、中学校における進路指導の在り方の検討に資するようにする必要があると考えています。
8,1,6,(交付金の対象となる取組及び留意点等)の3で地理的アクセス・多様な学びの確保とあるが、学校規模・配置の適正化について、具体的な構想はあるか。,グランドデザインでは、「生徒の地理的アクセスの確保(移動手段の確保を含む。)を図ることに留意しつつ、都道府県の実情等に応じた学校配置・規模の適正化を図ることが必要」としています。
9,1,1,高等学校教育改革実行計画はいつまでに策定すればよいか。,「高校教育改革に関する基本方針(グランドデザイン)」(令和8年2月13日文部科学省)では、都道府県において「高等学校教育改革実行計画」(以下「実行計画」という。)を策定し、その計画を着実に実現できるよう、安定財源を確保した上で、「高等学校教育改革交付金(仮称)」等の新たな財政支援の仕組み(以下「交付金等」という。)を構築することとされています。令和9年度予算において交付金等が創設された場合、具体的な制度設計は予算成立後にお示しすることとなりますが、予算事業の執行の先例に照らした場合、令和8年度中に実行計画が策定されている都道府県に対し、計画に位置付けられる取組を対象に交付金を措置することが考えられます。
10,2,2,実行計画のひな型は示されるか。示されるのであれば、いつ頃示されるか。,実行計画の構成例(ひな型)について、令和8年5月15日付け事務連絡「高等学校教育改革実行計画」策定の手引きについて」の別添資料にてお示ししております。
11,2,3,改革先導拠点での取組以外でもグランドデザインに沿った取組であれば実行計画に定めることができるという理解でよろしいか。,実行計画には、改革先導拠点の取組に限らず、その他の高校も含めて域内の高校教育改革の推進について定めていただくものと考えています。
12,2,1,基盤的支援に係る申請に必要な書類や審査内容の具体的な内容について。,基盤的支援に係る申請の手続きの際に必要となる書類等については、令和7年12月25日付事務連絡「高等学校等教育改革促進事業費補助金に係る令和7年度基金造成について」及び令和7年12月26日付通知「高等学校等教育改革促進事業費補助金交付要綱等の制定について(通知)」を参照ください。
13,2,2,基金造成経費の交付は3年間分が一括で交付されるのか(毎年度の都度交付か)。,毎年度の交付ではなく、「基盤的支援に係る申請」、「抜本的改革支援に係る申請」ごとに交付を予定しています。
14,2,3,基金事業について、本省繰り越しを行うか。,・令和7年12月25日付事務連絡「高等学校等教育改革促進事業費補助金に係る令和7年度基金造成について」を参照ください。・なお、予算額のうち令和7年度中の交付決定額を除いた額については、文科省において本省繰越を行い、令和8年度に交付(執行)を行うことを予定しています。
15,2,4,"高等学校等教育改革促進事業費補助金交付要綱における「公立の高等学校等」の""等""には何が含まれるか。(高専や私立学校は含まれるか)","""等""に含まれるのは、交付要綱で示しているとおり、公立の中等教育学校の後期課程と特別支援学校の高等部となります。高等専門学校や私立学校は含まれません。"
16,2,5,基金管理運営要領第3(1)の規定「他の制度により、現に当該事業の経費の一部を負担し、又は補助している事業は、改革促進事業の対象としない。」について、令和7年度において、他制度で補助等を受けている場合でも、令和8年度に補助等を受けなければ問題ないか。,対象期間に重複がなければ支障ありません。
17,2,6,基金管理運営要領第3(1)の規定「他の制度により、現に当該事業の経費の一部を負担し、又は補助している事業は、改革促進事業の対象としない。」について、他の制度で補助等を受けている場合において、他制度での補助対象の県負担部分に基金を充てることを認めないという理解でよいか。,御認識のとおりです。
18,2,7,基金管理運営要領第3(1)の規定「他の制度により、現に当該事業の経費の一部を負担し、又は補助している事業は、改革促進事業の対象としない。」について、1つの学校に対して、他の制度で補助等を受けている場合でも、補助対象が重複していない場合は、問題ないでしょうか。,支障ありません。
19,2,8,入札差金や運用益等により生じた残額は返還する必要があるのか。,管理運営要領に記載しているとおり、基金精査時の残余額は国庫に返還していただく必要があります。
20,2,9,運用益を他の事業に充当することは可能か。,高等学校教育改革促進基金管理運営要領第2(4)及び(6)に記載しているとおり、基金の運用益は当該基金に繰り入れ、改革促進事業及び基金管理事業の実施に充てていただきますようお願いします。
21,3,10,基金管理事業計画について、1様式は示されるか。2いつまでに策定すれば良いか。3国への提出は必要か。4公表は想定しているか。,1特段お示しする予定はありませんが、管理運営要領に記載している事項(計画の終期、必要額の総額、市町村ごとの補助金上限額(必要に応じて)、取崩しの方針、運用益の扱い等)について盛り込んでいただくことを想定しています。2交付決定の前には策定されていることを想定しています。3不要です。4国において公表することは予定していません。ただし、これとは別に、運営要領第2(8)の事業実施状況報告の中でご提出していただく、基金名称や造成額等に関する資料(補助金等に係る予算の執行の適正化に関する法律施行令(昭和30年政令255号)第4条第2項第1号に基づく公表のための資料)は、各都道府県において公表していただく予定です。
22,3,11,交付要綱第9条第1項で規定されている公表に関する事項と、基金管理運営要領第2(8)で規定されている公表に関する事項は同じものと解してよいか。,両者はそれぞれ異なるものです。交付要綱第9条第1項の規定は、基金の造成時に、今回造成する基金の概要を作成し各都道府県において公表するものです。他方で、基金管理運営要領第2(8)の規定は、補助金執行に関するものとして、毎年度の事業の実施状況を同年度の終了後に文科省へ報告し、かつ各都道府県による公表を求めるものです。様式等は別途お示しする予定ですので、改めてご確認ください。
23,3,1,"補正予算額2,955億円の改革先導拠点の創出に係る予算と高校教育改革の伴走に係る予算の内訳は。","令和7年度補正予算においては、下記のような内訳としています。産業イノベーション人材育成等に資する高等学校教育改革促進事業:2,950億円高等学校教育改革加速に係る伴走支援事業:5億円なお、「高等学校教育改革加速に係る伴走支援事業」は文部科学省から⺠間事業者等への委託により実施する予定です。【12/5都道府県向け説明会(第2部) 説明資料1 P3を参照】"
24,3,2,都道府県における事業の推進体制構築の一環として、教育委員会・首⻑部局・産業界・大学・有識者等で連携した会議を設置するが、これに私学関係団体や域内の市町村を代表する組織(市⻑会・町村会等)の代表者を含めることは可能か。,本事業を進めるにあたっては、各都道府県の域内の高校等の教育機関の状況を踏まえることや高校が所在する市町村の理解も重要であることから、お示しの関係者を加えることは、都道府県の判断により可能です。
25,3,3,設置者が異なり、異なる教育振興計画に基づいて教育を実施する市立高校については、基金は別に設置するという理解で間違いないか。,本事業は、市町村ではなく都道府県が設置する基金の造成費用を補助するものとし基金は都道府県において造成することになります。詳しくは「高等学校等教育改革促進基金管理運営要領」第2(3)及び第3をご参照ください。
26,3,4,基金造成後における各年度の取崩し額は、各都道府県の判断で構わないか。,各都道府県の判断で構いませんが、高等学校教育改革促進基金管理運営要領に定める事業実施期限の翌日以降に実施した改革促進事業にかかる経費については支出できないことに留意してください。
27,3,5,基盤的支援について、体制構築費用6000万円のうちの、2000万円(三類型に応じた経費)の費目にある工事請負費は、改革先導拠点候補の事前の設計費に活用することができるのか。,"基盤的支援は、都道府県において先行的に実施する必要のある体制構築等の経費を対象としているところ、2,000万円の金額の範囲内であり、三類型の改革先導拠点について検討するために必要であることが説明できれば、設計費(委託料)にも活用することができます。"
28,3,6,事業の内定前に着手・着工することは可能か。,抜本的改革支援の内定前に事業着手(契約・着工等)をした経費については、抜本的改革支援の補助対象にはなりません。ただし、抜本的改革支援に係る公募への申請に向けた事業計画の検討に当たり発生する、改革先導拠点の学校の改修等工事の設計費や、事業費の概算算出のための委託料等、改革先導拠点の取組の準備に必要な経費については、基盤的支援の内定後であれば、基盤的支援の対象経費として補助対象とすることができます。
29,3,7,施設改修や設備導入にあたり設計が必要となる場合に、設計が基金の補助対象(3年目までの執行)、工事が交付金の補助対象(基金終了後の執行)としてもらえるのか。,基金の使途については、改革促進事業計画による教育改革が事業計画期間内に達成できる必要がありますので、ご留意ください。なお、交付金の詳細について、今後の予算要求次第で変わりうるため現時点ではお答えできません。
30,3,8,既に実施(予定)している事業は支援対象となるか。,内定後に着手した事業に係る経費が補助対象となります。
31,3,9,高機能の設備等を改革先導拠点ではなく県有の施設に整備し共同利用することは想定されるか。,基金は改革先導拠点を整備するためのものであり、改革先導拠点に属する施設・設備が対象となります。例えば、改革先導拠点に属するものとして購入した機器等を協力校に貸与することなどは可能と考えます。
32,4,10,補助金を原資として整備した備品を処分する際に文部科学省への承認は必要になるか。,運営要領等に定めているとおり、一品50万円以上の機器等を処分する際には、財産処分手続きが必要になります。なお、当該設備の効用を維持した形で地方単独事業として入れ替え等を行う場合や、統合等により他校の生徒等の利用に供する場合には、手続きは不要です。
33,4,11,改革先導拠点の取組に⺠間企業等を参画させるため、基金により整備した施設・設備等を使用させることは可能か(改革促進事業終了後の運用も含む)。,可能です。
34,4,12,基金により整備した施設・設備等を⺠間企業等に使用させ、使用料を徴収することは可能か(改革促進事業終了後の運用も含む)。,可能です。ただし、拠点の取組に直接寄与しない場合は、教育活動に支障のない範囲で行うようにしてください。
35,4,13,基金で整備した施設・設備等の使用料を、当該施設・設備等のメンテナンス費用等に充てることは可能か(改革促進事業終了後の運用も含む)。,可能です。ただし、本事業の趣旨を逸脱する運用とならないよう各都道府県において適切にご判断ください。
36,4,14,補助金を原資として整備した施設を処分する際に文部科学省への承認は必要になるか。,施設の処分に関しては、公立学校施設整備費補助における扱いを準用することで検討しています。
37,4,15,内定前の事前着手について、入札広告などの準備行為は事前着手に含まれない認識でよいか。,内定後の契約をもって事業着手とするため、準備行為は適宜進めていただきたいと考えております。
38,4,16,社団法人等の外部の団体に対して改革促進事業の取組の一部を委託し、都道府県基金から資金を支出した上で、当該団体において当該資金を原資として基金管理事業計画の終期を超えて都道府県の取組の一部を行うことは可能か。,改革促進事業の取組の一部を外部の団体等に委託することは可能ですが、その場合であっても、基金管理事業計画の終期までに改革促進事業を完了する必要があります。ご質問のケースは、基金管理事業計画の終期までに改革促進事業を完了しているとは言えないため、認められません。
39,4,17,基盤的経費を執行したものの、当該学校が改革先導拠点に採択されなかった場合、問題はあるか。,基盤的経費は改革先導拠点の選定にあたって先行的に実施する必要のある体制整備や取組に係る準備的経費であるため、改革先導拠点が不採択となった場合でも、「高校教育改革に関する基本方針(グランドデザイン)」を踏まえた基盤的整備を進めるために使用するものであれば、対象経費として認められます。
40,4,1,改革促進事業はいつまで実施することが可能か。国の3年の支援期間に対し、県の事業期間は4年以上でもよいか。,運営要領第2(3)2のただし書きのとおり、基金管理事業計画で定める終期(令和11年3月31日)までとなります。翌日以降に実施した事業に係る経費については支出できません。本事業の原資が令和7年度から3年程度をかけて高校教育改革を進めることを想定し令和7年度補正予算で措置されたものであることや、改革先導拠点を早期に創出するという本事業の趣旨にかんがみて、可能な限り早期の事業実施に取り組むことを原則とします。
41,4,2,学科・コースの再編、学校設定科目の新設について、終期までに設置する必要があるか。終期以降の設置でも差し支えないか。,プログラム開発を行うこと等により基金支援期間内の教育改革の成果を示すことが可能であれば、終期以降の設置でも差し支えありません。
42,4,3,施設整備については、基本設計に1年、詳細設計に1年、工事にも3年程度かかることが一般的であり、近年では物価高騰や人手不足から工事の入札不調となることもあるが、基金の期間は3年で十分なのか。また、基金設定年限の延⻑は可能か。,基金管理事業計画で定める終期(令和11年3月31日)の翌日以降に実施した改革促進事業に係る経費については支出できません。また、本事業の原資が、令和7年度から3年程度をかけて高校教育改革を進めることを想定し、令和7年度補正予算で措置されたものであることや、改革を先導する拠点を早期に創出するという本事業の趣旨に鑑みて、可能な限り早期の事業実施に取り組んでいただくことを原則としています。また、基金設定年限の延⻑については、現段階では考えておりません。
43,4,4,施設整備が3年以上かかることから、3年は基金、それ以降を県単費等で賄うこととするのは計画として可能か。,改革促進事業計画で定義した教育改革が支援期間内(令和10年度末まで)に達成可能としていただく必要があります。例えば、全体計画を1期・2期と明確に切り分け、1期分の工事の終了をもって計画する教育改革を達成することが可能となる場合等が考えられます。この場合2期分の工事は県単費等で賄うこととなります。
44,4,5,基金管理運営要領によれば、基金管理事業は令和11年3月31日まで(令和10年度まで)となっているが、改革促進事業における事業年度は何年度までか。,基金管理事業計画の範囲内で改革促進事業計画を定めることとしています。
45,5,6,物価高騰による不落等により、公募申請時の想定より工期がかかる見込みとなり、基金終期である令和11年3月までに工事を完了させるため、事業趣旨を変更しない範囲で工事の内容を変更した場合、「承認申請」や「事後の届け出」が必要となるのか。,公募要領に定める「重要な変更(承認事項)」に該当する場合には、事前の承認申請が必要となります。
46,5,7,基金終期以前に完了した工事について、その支払い(実際の現金支出)を基金の終期以降に行うことは可能か。,基金管理運営要領「第2(9)事業の終了」において規定する場合(基金管理事業及び改革促進事業を延⻑した場合)に限り、可能です。
47,5,1,不登校対策推進校(例:教育支援センター設置(高校内に不登校傾向の生徒受入))や高等支援学校(特別支援学校高等部)を改革先導校として位置づけることは可能か。,交付要綱で示しているとおり、補助対象となる学校種は、公立の高等学校等(高等学校、中等教育学校の後期課程、特別支援学校の高等部)であり、本事業の趣旨に合致するものであれば対象になりうると考えます。
48,5,2,教職員の研修センターを改革先導拠点とすることは可能か。,教職員を対象とする研修のみを目的とした施設であると対象とはできませんが、そのセンターを通じて直接的に生徒に学びを提供する取組みであれば改革先導拠点となり得ます。(詳細は公募要領を参照。)
49,5,3,遠隔授業の配信センターではなく、複数の学校の生徒を集めて、実験や実習を行うための教育機関を改革先導拠点とすることができるか。,公募要領P6(2)改革先導拠点の構成等1改革先導拠点の学校種等において、「高等学校等の生徒の学びに直接関わる活動を実施する、教育委員会が設置する機関(遠隔授業のための拠点、実験・実習のための拠点等を想定。以下「遠隔拠点等」という。)を整備する場合には、当該遠隔拠点等も改革先導拠点として取り扱うことができる」とされているところ、直接的に生徒に学びを提供することを主目的とした機関であり、類型の目的と合うものであれば、改革先導拠点とすることが可能です。
50,5,4,遠隔授業の配信センターをA校に属する組織と位置付ける場合、A校を改革先導拠点とすることができるのか。,お見込みのとおり、改革先導拠点となり得ると考えます。
51,5,5,A校の施設整備について、A校の敷地と離れた別敷地であっても基金による施設整備はできるのか。,A校を改革先導拠点とする場合、施設整備を行う場所がA校の敷地と離れた別敷地であったとしても、A校に属する施設であれば教育内容と一体不可分の施設整備が可能です。
52,5,6,改革先導拠点A校とA校のサテライト校Aʼ校(別敷地のA校)において、ともに施設設備の整備を実施したいが可能か。,可能です。A校に属する施設であれば、サテライト校であるAʼ校についても、教育内容と一体不可分の施設設備の整備が可能です。
53,5,1,協力校の校数について、指定上限はあるか。,上限数は設けませんが、それぞれの協力校について、改革先導拠点との連携内容を整理してください。(様式1-1のとおり。)
54,5,2,協力校を年度ごとに変更することは可能か。,公募要領10.に記載しているとおり、協力校を変更する場合には、事前に理由書を添えて変更承認申請を行っていただく必要がありますので、可能な限り事業計画書の作成段階で構想を練っていただくようお願いします。
55,5,3,協力校に私立学校を含めることは可能か。,差支えありません。
56,5,4,ある類型の改革先導拠点となる学校について、他類型の協力校に位置付けられることは想定されるか。,なり得ます。
57,5,5,協力校にDXハイスクール指定校を含めることは可能か。,差し支えありません。
58,5,6,中高一貫校や高等専門学校を協力校に位置付けることはできるか。,中高一貫校でなくとも中学校や高専、大学等との連携も考えられるところ、協力校の指定に制限は設けておりません。拠点校と一体的に教育改革に取り組むことを示していただいた上で、協力校に位置付けることは可能です。
59,5,7,県外の高校や高専、大学などを協力校に指定することはできるか。,協力校の指定に特段制限は設けていないところです。公募要領にも記載しているとおり、改革先導拠点の改革目標の実現に必要不可欠な学校を協力校として設定することができます。この場合においても、改革先導拠点と協力校とが、教育委員会も含めて事業の進捗状況等について、確認し、改善を図る仕組みを取り入れ、他校への普及の先導となる取組としてください。
60,5,1,改革先導拠点のKPIを設定するに当たって、国のKPI等との整合を図る必要はあるか。,グランドデザインにおける目標値や今後各都道府県において策定する高等学校教育改革実行計画の内容も見据えたものとするようお願いします。
61,6,2,基金事業における目標設定の終期は、基金の終期か、あるいは実行計画の目指す2040年(⻑期的なもの)になるか。,本事業においては、様式1-2に記載しているとおり、基金終了時点の短期目標と事業終了後に入学した生徒が卒業する時点(事業終了後3年経過時点)の中期目標を設定していただく必要があります。
62,6,3,中期目標の達成時期はいつ頃にする必要があるのか。,中期目標欄には、様式1-2に記載しているとおり、「事業終了後3年程度経過した後の目標値」を記載してください。中期目標は、事業が終了した後に入学した生徒が卒業する時点(事業終了後3年経過時点)を想定しています。
63,6,4,産業構造等の客観的なデータに基づいた分析が必要と認識しているが、地域別の就業構造の分析は難しいと考えており、将来的な目標は定性的なものとならざるを得ないと考えるが問題ないか。,3月5日(木)の第30回産業構造審議会経済産業政策新機軸部会において、都道府県別の2040年の就業構造推計データが示されました。全国及び都道府県別のデータも踏まえ、知事部局、大学や産業界等ともよくご議論いただきながら、可能な限り具体的なデータを伴ってお示ししていただきたいと考えています。【3月5日(木)経済産業政策新機軸部会資料】
64,6,1,改革先導拠点における取組・成果の普及に当たっては、取組の内容そのものを同水準で県内各校でも実現することが求められるのか。,本事業における取組の普及としては、改革先導拠点における取組をモデルとして、その内容・手法・実施体制・枠組み等を、県内他校の教育改革に必要な範囲で普及させることを想定しています。先導的取組そのものを、他校でも全く同一な形で取り込むことまで求めるものではありません。取組の普及としては、例えば、次のような様々な様態を想定しています。・改革先導拠点において開発したカリキュラムについて、他校で援用可能な内容を授業に組み入れて実施する・改革先導拠点え開発されたデジタル教材、オンデマンド学習動画や探究学習の評価ルーブリックを県内の共有財産とする・改革先導拠点において探究的・実践的な学びを推進に向けて構築した学内外の体制や実証・検証枠組みなど組織的な教育改革推進の方策について、他校における組織づくりの際に参酌する・改革先導拠点における取組に必要な教員の指導力向上のための研修に、県内他校の教員を参加させる・組織した連携企業を、県内他校へ紹介し、他校の連携の際に活用する
65,6,2,成果の普及については、交付金の措置も見据えて取組の検討を行えばよいか。,交付金等の新たな財政支援の仕組みについては実行計画に基づいて措置する形を想定しており、今般の基金事業は、実行計画に位置付けた事業のうち先行的に実施すべきものを取り組んでいただくこととしています。交付金等の新たな財政支援の具体的な予算規模や内容等については、令和9年度予算編成課程で検討することとしており、今後その実現に向けて尽力してまいります。
66,6,1,同一類型かつ目標・取組内容が重複する改革先導拠点で、取組みが先行している高校と取組みを加速する高校の2校を申請することは可能か。,同一類型かつ目標・取組内容が重複する場合は複数指定することはできません。
67,6,2,「アドバンスト・エッセンシャルワーカー等育成支援」と「理数系人材育成支援」の使い分けは、「専門高校」と「普通科高校」で別れているという認識か。,基本的にはご認識のとおりですが、類型の趣旨に合う取組を実施するのであれば、全ての学科が対象になります。
68,6,3,既存の学科に専攻科を新設する取り組みは対象となるか。,専攻科を設置し、本科と併せて全体として改革先導拠点の取組を実施する場合は対象となると考えます。(専攻科単体での取り組みは補助対象外です)
69,6,4,文科省の示す類型の内容に限らず、各県独自の取り組みを各類型の中に加えて事業進めることとしてよいか。,各類型の取組例として提示している内容はあくまで例示です。グランドデザインの各視点と類型の理念を踏まえた事業の提案を期待します。
70,6,5,3つの類型について、1または2類型に注力しての実施可能か。それとも、3類型すべてを実施する必要があるか。,3つの類型すべてについて、提案していただく必要があります。但し、1校で複数の類型を兼ねることができます。
71,6,6,近接する男女別学を同一類型の「同一目標・取組内容」の改革先導校として申請することは可能か。,同一類型かつ目標・取組内容が重複する場合は複数指定することはできません。なお、もう1校を協力校とすることはできます。
72,6,7,DXハイスクールの域内横断的な取組の予算措置が無くなることを受け、コンテストや発表会を、改革先導拠点を中心とした計画に改めた上で継続実施することは可能か。,DXハイスクールで令和7年度に実施していた域内横断的な取組の内容をそのまま高等学校等教育改革促進基金で実施することはできません。ただし、都道府県において、高等学校等教育改革促進基金の事業目的に沿って、改革先導拠点の取組を域内の高等学校へ普及する観点から改革先導拠点を中心として、より発展したコンテストや発表会を実施していただくことは可能です。詳細は公募要領等をご参照ください。
73,7,8,これまでDXハイスクール事業の「都道府県による域内横断的取組」として実施してきた、全県立学校の生徒を対象とした成果発表会に係る経費(会場借料、生徒の移動費、審査員謝金等)や外部委託によるDX支援員の委託料については、基金の補助対象経費として認められるか。,公募要領に記載しているとおり、補助対象は教育改革の取組に直接資する経費としており、従来の取組を単に継続する取組やそれに付随する経常的経費の付け替えは認められません。ただし、例えば、改革先導拠点において新たな取組を行う際に、他校の生徒が先導拠点に赴き参加する場合など、改革先導拠点の取組の中に他校の生徒が参加することは可能と考えます。この場合、改革先導拠点の生徒分と他校の生徒分とが切り分けられる性質の経費は、改革先導拠点の生徒分のみ補助対象となります。
74,7,1,学校統合による学科再編も、産業界ニーズに対応したものであれば対象となるか。,学校統合による学科再編に限らず、産業界等のニーズに対応した学科・コースの設置がされるものであれば、取組例の記載に該当するものと考えます。
75,7,2,アドバンスト・エッセンシャルワーカーについて、想定する職種名および関連する専門学科を例示してほしい。,「経済財政運営と改革の基本方針2025」では、アドバンスト・エッセンシャルワーカーについて「デジタル技術等も活用して、現在よりも高い賃金を得るエッセンシャルワーカー」と定義しています。専門高校においても、今後は特にデジタル技術等を活用しながら地域社会・経済を支える人材を育成する必要があると考え、このような人材をアドバンスト・エッセンシャルワーカーとしてお示ししているものです。なお、本事業においては、人材育成の対象をアドバンスト・エッセンシャルワーカーに限定するものではなく、このような人材をはじめとした地域社会・経済を支える職業人材の育成に取り組んでいただくことを想定しています。
76,7,3,アドバンスト・エッセンシャルワーカー等育成支援の先導校は、総合学科高校を対象とすることが可能か。,アドバンスト・エッセンシャルワーカー等育成支援の改革先導校は、専門学科であることを要件にしていませんので、総合学科であっても対象となります。
77,7,4,複数学科を有する高校について、改革先導拠点への申請に当たり学科を超えた学科間連携の取り組みは認められるか。,複数学科で連携した取組や共通した取組を行っていただくことは可能です。
78,7,1,理数系人材育成支援においても「専門高校」を改革先導拠点とすることは可能か。,類型の趣旨に合う取組を実施するのであれば、全ての学科が対象になります。
79,7,2,必ずしも理数科が設置されている必要はないという理解でよいか。,「理数系人材育成」の類型における改革を先導する改革先導拠点について、理数科の設置は必須ではありません。
80,7,3,内容が被る部分もあると思われるSSH事業は、今後も存続するのか見通しを教えていただきたい。,SSH事業と産業イノベーション人材育成事業とは、事業趣旨・目的等が異なるため、今後もSSH事業を継続していく予定です。
81,7,4,SSHに採択されている学校で、改革先導校としての取組は実施可能か。,SSH指定校であっても改革先導拠点に指定することは可能です。詳細は公募要領等をご参照ください。
82,7,5,現在SSHに指定されている高校が改革先導拠点に採択された場合、令和9年度以降もSSHに申請してよいか。,本基金事業としては、他の事業への申請を制限することは考えておりません。R8.3.6
83,7,6,対象校における理数科目の単位数等、カリキュラムの縛りはあるか。,カリキュラム等に関する要件については、必須要件等を設定いたしません。理数系人材育成の観点から、提案しようとする教育改革の実現に必要な教育課程の編成を検討してください。
84,7,7,「文理融合の学び」の具体的なイメージや要件はあるか。,例えば、文系・理系というコース分けを実施せず、全生徒が理数探究基礎、理数探究を必履修とすることや、自然科学と人文・社会科学を重ね合わせた探究的な学びを進めていくことなどを想定しております。
85,7,8,指標は、理系大学等への進学割合とすることでよいか。,理系大学等への進学割合を指標とすること自体は差し支えありません。ただし、各指標に関しては、各都道府県において産業構造等を分析したうえで設定する人材育成上の課題を踏まえ、本事業で取り組むべき内容に対応したものとして具体的に設定されているものであるかを確認することとしています。
86,7,9,理数類型について、既存の理数系人材の更なる磨き上げと、理数系人材の裾野拡大、国としてはいずれの考えを持っているのか。,ご提示の2観点を含め、事業目標・取組内容がどのようなものであっても、各都道府県における産業構造等の十分な分析と課題設定の上で必要な取組が提案されているか、という観点から評価します。また、本事業においては、改革先導拠点における理数系人材育成の取組に留まらず、その取組・成果の他校への普及方略について確認します。これらの点を踏まえた計画となるよう、検討をお願いします。
87,7,1,遠隔授業の配信拠点及び受信校を含めた構成校全体を1つのパイロットケースとして扱うことは可能か。,本類型における改革先導拠点は一つに定めていただく必要があります。
88,8,2,多様な学習ニーズの改革先導拠点は、遠隔授業の配信校ではなく、配信を受ける高校であってもよいのか。,配信を受ける高校が改革先導拠点となることが妨げられるものではありません。
89,8,3,小規模校の遠隔教育のみでなく、不登校生徒を考慮した定時制・通信制の高校における取組みも支援対象に含めることができるという認識でよいか。,貴見のとおりです。
90,8,4,中山間地域や離島ではない、都市部の学校における取組事例はどういったものを想定しているのか。,本類型は、中山間地域や離島だけではなく、都市部の自治体においても、多様な学習ニーズを有する生徒が、自らの興味・関心に沿って学ぶことができるように教育環境を整える取組を支援することを目的としています。例えば、遠隔授業、学校間連携や柔軟な教育課程や時間割等の工夫等によって、在籍校では開校されていない科目を受講することができたり、習熟度別のきめ細やかな対応を受けられたり、外部機関との連携等によって、探究活動を深められたりするなど、生徒の学習の選択肢を増やし、充実した学びにつなげることが考えられます。
91,8,5,多様性類型は、その取組み内容の性質上、域内に同様の取組みの普及が難しいと考える。どのような観点から普及を図ることを想定しているのか。,例えば、1まずは、遠隔授業を改革先導拠点及び受信校3校で実施し、取組みの中で得たノウハウを用いて、受信校を10校に拡大する2特別支援が必要な生徒のよりよい学びのため、学校、県(教育委員会、福祉部局等)、病院、大学、コーディネーター等が連携チームを組んで対応したノウハウを類似の事例を有する域内の別の高校で活用するなど、取組みの規模を展開することによる普及が考えられます。
92,8,1,県の再編計画に基づき、令和9年度に新設される高校の取組に国費を充てることはできるか。,基金の支援期間内で計画された高校教育改革が実施可能であれば、国費を充てることができるものと考えます。
93,8,2,既に再編整備の対象に指定されている学校も、存続を前提に、本類型における指定校とすることは可能か。,再編後も改革先導拠点として計画している取組が継続されるのであれば、当該学校を改革先導拠点と位置付けることは可能と考えます。ただし、基金による施設整備後10年以内に取り壊す可能性がある場合などは財産処分手続きに留意してください。
94,8,3,統廃合を予定している場合、統廃合により新設される学校(新設校)を改革先導拠点とすることができるのか。,令和10年度までに統合し、教育活動をすることが県の計画等で明らかな場合は、新設校を改革先導拠点とすることが可能です。その場合、廃校となる既存校は、協力校として指定できます。また、既存校の校舎・実習施設等を統廃合後も引き続き新設校の校舎・実習施設等として使用する場合には、名称上廃校となる既存校を新設校とみなすことが可能です。
95,8,4,事業計画期間内に改革先導校が他校と統合しても差し支えないか。,改革先導拠点が統合することにより、改革促進事業計画に記載した教育改革の実施に影響なければ問題ありません。統合が既に決定したものであれば、統合も加味した計画としてください。また、基金の支援期間中に統合する場合は改革先導拠点における教育改革の取組や成果が統合の前後で比較できるようにしてください。
96,8,5,令和10年度開校予定の新校を改革先導拠点とし、令和9年度中に機器等を購入したいが、可能か。(不可の場合、まずは前身の学校を改革先導拠点として導入したのち、引き継ぐことは可能か。),改革先導拠点で計画される取組の実施前後での比較によって成果を示していただく必要がありますので、元の学校の実体がない新校を改革先導拠点とすることは困難であると考えます。また、元の学校(前身の学校)がある場合は、元の学校を比較対象とし、新校開校以降は新校が取組を引き継ぐ計画とするなど、成果が把握できるような形にしてください。
97,8,6,計画中の新設校の開校が令和11年4月以降(事業期間終了後)となる場合、本事業の改革先導拠点として位置付けることはできるか。,改革先導拠点で計画される取組の実施前後での差分により成果を示していただく必要がありますので、事業計画期間終了後に開校予定の新設校は改革先導拠点とすることは困難であると考えます。
98,8,7,事業計画期間中に開校予定の統合を伴う新設校を改革先導拠点とすることは可能か。,事業計画期間中に開校予定の、統合を伴う新設校を改革先導拠点にすることは可能です。ただし、改革先導拠点で計画される取組の実施前後での差分により成果を示していただく必要があります。よって、例えば、統合前の学校を比較対象とし、これと統合後の新設校(改革先導拠点)を比較するなど、成果が把握できるような形にしてください。
99,8,8,事業計画期間中に開校予定の統合を伴わない新設校(分校を含む)を改革先導拠点とすることは可能か。,改革先導拠点で計画される取組の実施前後での差分により成果を示していただく必要がありますので、元の学校の実体がない新設校の場合は、改革先導拠点とすることは困難であると考えます。
100,9,9,事業計画期間後に開校予定の統合を伴う新設校を改革先導拠点とすることは可能か。,事業計画期間内で実施可能な教育改革の内容とする必要があるため、事業計画期間後に開校する新設校を改革先導拠点とすることはできません。よって、例えば、統合前の学校のうち1校を改革先導拠点と位置付けた上で、統合後の新設校が取組を引き継ぐ計画とすることなどは考えられます。
101,9,10,中分類「新設・統合について」問9において、統合前の学校のうち1校を改革先導拠点と位置付け、ほかの統合前の学校を協力校とした場合、改革目標及びそれを図る指標の設定においては、「統合新設校」と「改革先導拠点」の比較ではなく、「統合新設校」と「改革先導拠点+協力校」の比較を行うこととしてもよいか。,原則として、改革先導拠点の取組に係る目標及び目標値を設定してください。ただし、統合後の目標(特に中期目標)が不可分であるなどこれにより難い場合には、協力校を含めた目標を設定しても構いません。ただし、様式1-2(2)「指標名」欄にその旨を明記するなど、目標が改革先導拠点・協力校両方にまたがるものであることを明確にしてください。(なお、この場合、協力校については改革先導拠点の取組・成果の普及先に含まれない計画になるものと思われます。)
102,9,11,中分類「新設・統合について」問9において、統合前の学校のうち1校を改革先導拠点と位置付け、ほかの統合前の学校を協力校とした場合、実行計画上はどちらが改革先導拠点かわからない書き方としたいが可能か。(一方を改革先導拠点、他方を協力校と書くと、協力校が廃校になるように地域からは見えることを避ける趣旨。),改革先導拠点を明示しないまま申請することはできません。事業計画において改革先導拠点及び協力校は明確に設定し、様式の所定の各欄に明記した上で申請してください。
103,9,12,事業計画期間後に開校予定の統合による新設校を設置する場合で、既存校のうち2校が隣接するため、当該2校で一体的に施設整備等を実施したいと考えている。統合前の当該2校を改革先導拠点とすることは可能か。,隣接する場合であっても期間中にわたり学校として2校である場合は、2校を共に改革先導拠点とすることはできません。改革先導拠点は1校を指定していただく必要があり、1校を改革先導拠点、別の1校は協力校等になるものと考えられます。
104,9,13,遠隔授業の配信センターを新設する場合は、新設の場合でも改革先導拠点に指定することができるのか。,遠隔授業の配信センターについては、配信センター設置前の拠点及び協力校における教育活動の現状を説明できることから、改革先導拠点に指定することができるものと考えます。
105,9,14,既存の賃借施設を活用して新たに改革先導拠点の分校舎を設置し、その分校舎を配信センターにする場合、改革先導拠点の学則等を改正するまでの間、一時的に教育センター又は都道府県教育委員会の分室として位置付けて使用することは可能か。この場合、学則等の改正をもって、当該賃借施設が当該拠点の分校舎へと位置づけが変更される。,本事業の支援期間内において、改革先導拠点の名称等を変更する予定があれば、それを記載の上、申請をすることが可能です。
106,9,15,令和11年4月に配信センターを新設する場合、この配信センターを改革先導拠点とすることはできるか。,事業計画期間内で、改革先導拠点としての取組による成果を示していただく必要があることから、事業計画期間終了後の令和11年4月に新設される配信センターを改革先導拠点とすることは困難であると考えます。ただし、事業計画期間内に、既存の配信センター等において改革促進事業計画に記載した教育改革を実施することとして、当該既存の配信センター等を改革先導拠点と位置づけ、令和11年4月以降に新設される配信センターに本取組を引き継ぐ計画とすることは可能です。
107,9,1,教職員等の給与費は補助対象か。,任期付きや臨時的任用を含む常勤の教職員(公立高等学校の適正配置及び教職員定数の標準等に関する法律第2条に掲げる職員)の給与費については補助対象外です。非常勤講師等の報酬等は、改革促進事業の実施のために追加的に必要となる業務に係る経費であり、かつその業務が改革内容に不可欠なものである場合に補助対象とします。具体的には、カリキュラム開発に伴う新規科目の担当、補習指導、T.T.要員としての報酬や、改革に伴う物品購入等の事務を補佐する人材に係る報酬などは対象です。一方で、改革に伴い発生するものではない既存科目の補充要員としての任用や、従来の恒常的な事務を補佐するための任用などは対象外です。
108,9,2,実務家人材等の人件費や業務委託費は補助対象か。,実務家人材等(企業からの出向者、CTO(最高技術責任者)、博士研究員など)の人件費や業務委託費は補助対象です。なお、補助対象は、教育改革によって追加的に発生する経費に限ります。なお、任期の定めのない常勤職員の給与費は補助対象外となりますので、直接雇用する場合には、任期の定めのある任用形態(任期付や会計年度任用など)によるものが考えられます。
109,10,3,コーディネーターの委託費は補助対象か。地域、企業や大学等との接続を担うコーディネーターは補助対象です。な,お、補助対象は、教育改革によって追加的に発生する経費に限ります。なお、任期の定めのない常勤職員の給与費は補助対象外となりますので、直接雇用する場合には、任期の定めのある任用形態(任期付や会計年度任用など)によるものが考えられます。
110,10,4,改革先導拠点に配置され、協力校等を巡回する職員の給与費は補助対象か。,勤務の場所は問いませんが、勤務時間の過半において改革先導拠点に係る教育改革に取り組む場合には補助対象とします。
111,10,5,業務委託費は補助対象か。,改革先導拠点における教育改革の取組や、都道府県における改革先導拠点の取組への支援に係る業務委託料は補助対象となります。なお、改革を実施するために発生する教師の授業研究時間等を創出するための業務委託費(テスト採点、清掃、電話対応、実習設備の点検、部活動指導など)も補助対象となります。
112,10,6,都道府県内に設置する高校教育改革を主導する事務局等の運営にかかる費用は補助対象か。,補助対象になると考えます。具体的には、本事業専属のプロジェクト管理・経理担当スタッフの給与費や委託費などが考えられます。なお、既存の事務職員の人件費補填は含まれません。
113,10,1,土地取得費は補助対象か。,校地拡張のための隣地買収費、新設校舎用地の取得費、造成費、土地取得に係る補償費などは補助対象外です。
114,10,2,学習活動用スペース等のレンタル料は補助対象か。,例えば探究活動を実施するために連携する大学の一室を賃貸する場合など、教育改革を実施するために必要なものであれば、賃貸料も補助対象となり得ます。
115,10,3,施設の改築に係る費用は補助対象か。,施設整備を計画する際は、まずは既存建物の有効活用を検討していただくものと考えます。しかしながら、既存建物では必要な機能を満たすことができない場合などで、新たに建設する建物の延べ床面積のうち、教育改革に必要なスペース(※1)の面積が大半(※2)となる場合には改築できるものとします。この場合、なぜ改修ではなく、改築を選択したのかについて、様式3.3「教育改革の内容を踏まえた施設・設備整備の必要性」中、「施設整備の内容、設備の名称」に工事種別を明記し(改築であれば○○棟改築などと記載)、併せて、「左記施設・設備と教育改革の内容との関係」に明記してください。(記載例:導入する産業用機器は数トンの重量があり、築40年を超える既存校舎の床荷重や天井高では設置が物理的に不可能であるため「改築」が不可欠である。等)また、老朽化の程度については各自治体において適切に判断ください。申請される際は整備面積とm2単価を様式2に記載し、単価水準の設定にあたり、どのような考え方に基づき算出したのか、様式2の備考欄に客観的な資料に基づき算出したことが分かるように記載をお願いします(例:「県内の類似の工事実績により算出」、「県が定める公共単価により算出」、「参考見積書により算出」、「事業者からの見積書(概算)により算出」、「外部の設計事務所の積算により算出」等)。※1 室の面積や機能について、グランドデザインに沿った高校教育改革の取り組みに不可欠であり、かつ既存建物にはない部分をいう。(以下、同じ。)※2 「大半」の目安としては、例えば延床面積の半分を超える場合などが考えられる。(以下、同じ)
116,10,4,施設の増築に係る費用は補助対象か。,既存建物のみでは必要な機能及び面積が不足する場合で、かつ、新たに建設する建物の延べ床面積のうち、教育改革に必要なスペースの面積が大半となる場合には増築できるものとします。この場合、なぜ改修ではなく増築を選択したのかについて、様式3.3「教育改革の内容を踏まえた施設・設備整備の必要性」中、「施設整備の内容、設備の名称」に工事種別を明記し(増築であれば○○棟増築、などと記載)、併せて、「左記施設・設備と教育改革の内容との関係」に明記してください。(記載例:本事業を進めるにあたり、〇〇実習室および付随する資材保管庫の整備が必須となるが、本校は現在、全教室を既存教科および特別活動で使用しており、転用可能な余剰スペースが校舎内に一切存在しない。既存教室を分割・改修して対応しようとした場合、教育環境の質的低下が避けられず「増築」が不可欠である。等)申請される際は整備面積とm2単価を様式2に記載し、単価水準の設定にあたり、どのような考え方に基づき算出したのか、様式2の備考欄に客観的な資料に基づき算出したことが分かるように記載をお願いします(例:「県内の類似の工事実績により算出」、「県が定める公共単価により算出」、「参考見積書により算出」、「事業者からの見積書(概算)により算出」、「外部の設計事務所の積算により算出」等)。
117,11,5,施設の改修に係る費用は補助対象か。,教育改革の内容と一体不可分な施設整備が補助対象です。また、教育改革を実施するために必要な施設整備と一体的に実施することが効率的と認められる部分についても対象とすることができます。この場合、様式3.3「教育改革の内容を踏まえた施設・設備整備の必要性」中、「施設整備の内容、設備の名称」に工事種別をしてください(改修であれば○○室改修などと記載)。併せて「左記施設・設備と教育改革の内容との関係」に改修する理由を記載してください。(記載例:既存の科学室・生物室は「講義形式」の固定机であり、班ごとの自由な議論や⻑期的な観察に適さない。実験台と議論スペースを一体化しなければ、思考と実験を往還する探求プロセスは定着しないため、改修が必要である。等)申請される際は整備面積とm2単価を様式2に記載し、単価水準の設定にあたり、どのような考え方に基づき算出したのか、様式2の備考欄に客観的な資料に基づき算出したことが分かるように記載をお願いします(例:「県内の類似の工事実績により算出」、「県が定める公共単価により算出」、「参考見積書により算出」、「事業者からの見積書(概算)により算出」、「外部の設計事務所の積算により算出」等)。トイレ改修や防水改修、外壁改修などで老朽改善のみを目的として実施する施設整備は対象外です。
118,11,6,教育改革の内容と一体不可分な不可分な施設整備とはどういうものか。,教育改革の取組を実施するために必要な施設整備であり、例えば下記のようなものを想定しています。・自由な机のレイアウトを可能にするために、教室の面積を拡張するもの・既存施設にない新たなスペースを設けるためのもの・普通教室で実験も行うことができるようにするなど、必要な機能の向上を目的としたもの・設備の設置に必要な、建物の構造的な補強・大型実験機器などの設備を設置するために必要なもの
119,11,7,教育改革を実施するために必要な施設整備と一体的に実施することが効率的と認められる部分とはどのような部分か。,「一体的に実施することが効率的」な部分は下記のようなものを想定しています。・例えば、教室の面積を拡張するために間仕切り壁を移動するような工事においては、当該間仕切り壁のある教室が工事範囲になることが想定されますが、本工事範囲内で実施する床の張替えや空調機の更新など、基金による工事のタイミングで併せて実施することで、数年後再び工事する必要がなくなるようなもの。・同一の階における大半の部分で教育改革のために必要な改修を実施するような場合の、当該階にあるその他の部分。(例えば、主に教室の配置された階において、すべての教室を教育改革のために改修する場合の、当該階のトイレや廊下などは併せて改修することができる。)
120,11,8,空調設備の設置工事は補助対象となるか。,余裕教室等を教育改革に必要な機能を備えた特別教室にするために必要な機能強化としての空調設備整備(新設を含む)や、教育改革に必要な改修と一体的に行う空調設備整備は補助対象となります。ただし、既存の空調設備を更新するのみの工事は直接教育内容と関係しないため対象外です。
121,11,9,通信インフラ整備に係る費用は補助対象か。,校内LANの高速化やサーバー室整備、ローカル5G基地局設置など、教育改革の内容と一体不可分な通信インフラの整備は補助対象になると考えます。なお、一般的・経常的な保守点検費用は対象外です。
122,11,10,改革先導拠点を整備するために必要な仮設校舎に係る費用は対象となるか。,改革先導拠点の整備において仮設校舎が必要な場合、仮設校舎のリース費用、仮設校舎を設置するための土地の賃貸料などは補助対象となります。
123,11,11,改革先導拠点から教育センター等へ集約した上でインターネットに接続する方式である場合、当該ネットワークの集約拠点の整備は可能か。,改革先導拠点に係る経費を切り分けられる場合、当該経費が補助対象となり得ます。なお、ネットワーク改善に係る経費については、ほかに、国庫補助事業である「GIGAスクール構想支援体制整備事業」や、地方債である「デジタル活用推進事業費」の活用も考えられます。改善に当たって実施する、ネットワークアセスメントの実施方法等については、「GIGAスクール構想の実現学校のネットワーク改善ガイドブック」(令和7年6月)も参考としてください。
124,11,12,中等教育学校の後期課程や特別支援学校の高等部に係る経費については、どのように補助対象経費の切り分けをすれば良いのか。,「公立学校施設費国庫負担金等に関する関係法令等の運用細目」により、原則として各部の専有面積で区分します。共用する部分は、共用する各部の面積に応じて比例按分します。
125,11,13,地盤調査や耐震診断など、工事に係る調査費用は補助対象か。,改革先導拠点における教育改革と一体不可分な整備をするために必要な工事に係る調査費用は補助対象となります。
126,12,14,既存施設の解体撤去費は補助対象か。改革先導拠点における教育改革と一体不可分な整備をするために必要と,なる解体撤去費は対象とすることができます。
127,12,15,設備の撤去・処分費は補助対象か。,新規導入設備の設置場所確保に必要不可欠な既存設備の撤去・廃棄費用は補助対象となる場合があります。単独での廃棄は補助対象外です。
128,12,16,外構工事に係る費用は補助対象か。,教育改革の内容と一体不可分と認められるものは補助対象となります。
129,12,17,改革先導拠点内の住⺠が出入りするスペース(図書室、コモンズなど)の整備にかかる費用は補助対象か。,改革先導拠点の教育改革の取組として生徒が利用する場合は補助対象となります。具体的には、地域連携ラーニングコモンズ、住⺠も利用可能な閲覧席、Wi-fi、カウンターの設置、生徒と住⺠が交わるための動線変更工事などが考えられます。ただし、住⺠専用のスペースは対象外です。
130,12,18,改革先導拠点内に設けるカフェ、飲食スペースを整備するための費用は補助対象か。,教育改革の取組として、実習用のカフェや生徒が運営又は住⺠と交流するためのカウンター・厨房機器などは補助対象になります。ただし、地域との交流や教育に関係しないと考えられるものについては対象外です。
131,12,19,改革先導校内にコワーキング・オフィスを整備するための費用は補助対象か。,教育改革の取組として、協働プロジェクト室の整備、生徒と企業・大人が会議をするためのモニター、ホワイトボード、デスク、オンライン会議用ブースなどは補助対象になると考えます。ただし、生徒の教育活動が行われることを前提としない「レンタルオフィス」等の個室整備、特定の企業が占有し、生徒が入出できないセキュリティエリアの構築などは含まれません。
132,12,20,改革先導校におけるセキュリティ・動線の整備に係る費用は補助対象か。,改革先導校の一部を地域開放する場合などにおいて、生徒の安全確保のために必要な分離・管理システム(ゾーニング管理システム、住⺠用ICカードリーダー、スマートロック、住⺠エリアと生徒専用エリア(更衣室など)を分けるための自動ドア・パーテーション等)は補助対象になると考えます。ただし、地域住⺠が専用で使用する部分、学校機能と無関係な住⺠サービス向上のみを目的としたアプローチ整備などは対象外です。
133,12,21,改革先導校に図書館や公⺠館等の社会教育施設を合築するような場合、当該施設の整備に係る費用は補助対象か。,本事業による施設整備は、教育改革の内容と一体不可分の場合に可能としており、社会教育施設は一体不可分とは言い難く、補助対象外となります。
134,12,22,協力校における施設整備に係る費用は補助対象か。,本基金は、あくまで改革先導校の取組に対して補助を行うものであることから、補助対象外となります。ただし、改革先導校が本基金で購入した配信機器等を協力校に対して貸与することは可能です。
135,12,23,実習船の建造費等は補助対象か。,教育改革の内容と一体不可分な実習船の整備は補助対象となります。
136,12,24,寮の整備に係る費用は補助対象か。補助対象になるとすると、どのようなものを想定しているか。,教育改革の内容と一体不可分な施設整備は補助対象となります。例えば以下のようなものを想定しています。・昼夜を問わず行う牛、豚、鶏等の飼育管理の実習を教育内容の一部に含む場合など、生徒が実習のために居住する寮・グローバル人材に関する目標を定めている場合で、留学生と居住をともにすることで語学力の向上を目指すことを目的とした寮・類型3(多様な学習ニーズに対応した教育機会の確保)において、学びへのアクセスのために必要不可欠として整備される寮
137,12,25,寮での生活費は補助対象か。,個人負担に係る費用は補助対象外です。
138,12,26,DBO方式(Design(設計)・Build(建設)・Operate(点検)を⺠間事業者に一括して委ねる仕組み)を用いた、施設整備に係る業務費は補助対象として認められるか。,本基金事業の施設整備において、DBO方式の活用を妨げるものではありません。そのうえで、整備内容が補助対象となっているか、支援期間内に発生する経費のみ対象となっているかなど、都道府県において適切に判断いただくようお願いします。
139,12,27,設計と工事を合わせて事業者へ委託することを考えている。当該経費について都道府県の歳出科目(節)上は“委託料”で支出することとなるが、様式2においては、「(2)施設整備費」と「(4)役務費・委託費」のどちらに計上したらよいか。,様式2において、施設整備に要する費用は、都道府県の歳出科目(節)に関わらず、「(2)施設整備費」に計上してください。
140,13,1,生徒用端末(PC)は補助対象か。,本事業の補助対象は、従来からの取組に係る経費ではなく、教育改革に伴い新たに発生する経費を想定しています。このため、教育改革のために導入する、専門実習に必要なPC(GPU搭載等)等は対象になると考えます。ただし、1人1台の標準端末(Chromebook等)の更新・買い替えは補助対象外です。
141,13,2,先端産業設備は補助対象か。,教育改革の内容と一体不可分な設備の導入費用は補助対象となります。R8.2.13
142,13,3,遠隔配信機材は補助対象か。,補助対象となり得ます。具体的には、配信スタジオ機材、大型電子黑板などのほか、他校(受信側)への貸与用端末セット等が考えられます。
143,13,4,図書・資料費は補助対象か。,補助対象となり得ます。具体的には、教育改革に伴って新たに導入する専門的な技術書や学校等の法人ライセンスでの海外論文データベース利用権、専門雑誌購読料などが考えられます。
144,13,5,バスの購入費・運行費等は補助対象か。,改革先導拠点の創設に伴い新たに運行するスクールバスの車両購入費や運行委託料、移動ラボ車(移動可能な実験室や研究設備を備えた車両)や学校間連携用シャトルバスのチャーター費や購入費は補助対象になると考えます。
145,13,6,改革先導拠点の生徒が、探究的な学びをするために別の場所に移動するためのバスの貸切る場合、補助対象となるか。,公募要領「7.補助対象の範囲」にて示している補助要件に合致するのであれば、補助対象になり得ます。
146,13,1,広報・PR費は補助対象か。,「改革プロジェクト」そのものの広報は対象となり得ますが、通常の学校広報等とは切り分けていただく必要があります。事業の成果普及や新たな教育改革の取組に係る生徒募集に特化したweb・動画制作費などは補助対象となり得ますが、学校案内パンフレットの増刷、一般的な学校CMやポスター費用等は対象外となります。
147,13,2,保険料は補助対象か。,ドローン・ロボット等の動産保険や、インターンシップ・実習等に係る賠償責任保険など、教育改革の内容を実現するために新たに必要となる範囲での保険料については対象となり得ます。校舎の火災保険や公用車の自賠責保険は対象外です。
148,13,3,イベント開催費は補助対象か。,生徒のアウトプットや改革先導拠点の取組・成果の普及に資するものに限り補助対象となり得ます。教育改革として新たに開催する成果報告会、ハッカソン運営費、外部審査員謝金などが考えられます。
149,13,4,改革先導拠点における教育改革のため、既存の学校図書館等から基金により整備する改革先導拠点に書籍や資料を集約する必要があるが、これらを運搬するための費用は基金の対象となるか。,公募要領「7.補助対象の範囲」にて示している補助要件に合致するのであれば、補助対象になり得ます。
150,13,1,改革先導拠点の生徒旅費は補助対象か。,教育改革のカリキュラムの一環として実施する探究活動等に伴う移動費のみが対象となり得ます。具体的には、探究活動等の一環として協力校や大学・企業等に赴く際の交通費、学会発表・コンテスト参加に係る交通費は対象となります。ただし、生徒個人への支援や、これまでも実施してきた修学旅行費・遠足代、部活動の遠征費は対象外となるほか、海外への移動に伴う交通費についても対象外となります。
151,13,2,改革先導拠点の教職員旅費は補助対象か。,改革の知見を得るための先進校視察や企業研修、学会参加旅費や改革先導拠点における研修等の取組に参加するための旅費などは対象となり得ます。ただし、通常の人事異動に伴う赴任旅費や一般的な出張は対象外です。
152,13,3,協力校の教職員旅費は補助対象か。,公募要領 「7.補助対象の範囲」に記載のとおり、改革先導拠点が実施する取組に他校の教育関係職員が参加する際に発生する経費(例:改革先導拠点における公開授業や研修会に参加するための教職員の旅費等)は、改革先導拠点における取組の普及効果が期待できる場合に限り補助対象とします。
153,13,4,改革先導拠点の教職員の海外渡航に係る費用は補助対象か。,改革先導拠点の取組(協定校の開拓やプログラム開発試行等)の一環で職務として行う教職員の旅費は補助対象になると考えます。
154,13,1,ランニングコストを含め、実習用消耗品の費用は補助対象か。,従来から発生していたような、授業で使用する文具やコピー用紙などのランニングコストは対象外となりますが、フィラメントや試薬など、教育改革の取組によって追加的に発生するような費用は補助対象となり得ます。
155,14,2,クラウド使用料は補助対象か。,教育改革の取組によって追加的に発生するような費用は、事業期間に限り補助対象となり得ます。具体的には、LMS、Adobe等のライセンス料やサーバー利用料などが考えられます。
156,14,3,光熱水費は補助対象か。,前年度の実績額との比較等により、改革促進事業により増加した額を切り分けて整理できるのであれば、当該増加額が補助対象となり得ます。
157,14,4,資格・検定料は補助対象か。,ドローン操縦やAI実装など、「生徒の指導のために不可欠な技術習得」のため職務として取り組む教師の講習会参加費は補助対象となり得ます。ただし、生徒個人の資格取得に係る試験受験料や検定料、教師の大学院の学費や参考書代などは対象外となります。
158,14,1,抜本的改革支援に係る事業計画の申請〆切は3回設けられており、都道府県によって任意のタイミングで申請を行うこととされている。申請時期に応じて、審査基準や審査方法などが異なることはあるか。(例えば、申請件数が少ないと思われる令和7年度中に申請することで採択順位が上がるなど、結果的に、採択されやすくなるといった影響も有り得ると考えるがどうか),いずれの申請時期においても、審査基準や審査方法等が異なることはありません。申請時期に応じて、採択結果に差が生まれることが無いように審査を行いますので、取組み内容を十分検討いただいた上で、申請を行うようにしてください。ただし、公募申請はいずれかの1回のみとなりますのでご留意ください。
159,14,2,申請時には事業費の積算が必要か。,申請様式は公募要領に記載しているとおりです。申請時点では施設整備に係る設計が完了していない場合なども想定していますが、各種申請様式の記載に必要な程度には精査していただくようお願いします。また、原則として採択後に補助額を増額することはできませんので、ご留意ください。
160,14,3,先導校は、3年間指定を受けるという理解で良いか。年度ごとの入れ替えや追加は可能か。,改革先導拠点は、事業計画期間中に当該学校で実施する教育改革の取組や、取組実施前後の差分を評価し採択することを想定しています。事業計画期間内に指定校を入れ替えたり追加することは想定していません。
161,14,4,基金の造成金額と、都道府県からの申請による配分額は一致するのか。,"高等学校等教育改革促進事業費補助金の交付額は運営要領別添の第3を実施するための基金造成に要する経費の支出予定額から寄付金その他の収入額を控除した額と、文部科学大臣が必要と認めた額とを比較して少ない方の額となります。ただし、算定された額に1,000円未満の端数が生じた場合には、これを切り捨てるものとなります。(高等学校等教育改革促進事業費補助金交付要綱第4条より)"
162,14,5,基盤的経費の補助金交付申請にあたって、添付書類として定められている「歳入歳出予算(見込)書抄本」とは、基盤的経費に係る基金の造成に係る予算の抄本であって、各年度ごとに、基金繰入金をもとに計上する歳出予算の抄本ではないという理解で間違いないか。,御認識のとおりです。国から予算を支出するに当たり、都道府県において歳入・歳出予算に経費を計上する見通しが立っていることを確認するためにご提出いただく書類となります。
163,14,6,全体費用におけるハード整備に係る費用の割合の制限や1m2あたりの交付単価が設けられるなど、施設整備にかかる何かしら制約はあるか。,所要額の算出において、全体費用のうち、例えば施設整備に係る費用の割合を制限することはありません。また、施設の整備面積当たりの単価を設定することもありません。各都道府県において基金の効率的、効果的な活用の観点も踏まえ適切に算出してください。
164,14,7,抜本的改革支援に係る経費の交付決定の時期はいつか。,追加公募後に係る採択・内定が終わり次第、交付申請・交付決定を行うことを想定しています。なお、事業の着手は審査後に都度実施する交付内定時に可能とします。
165,14,8,抜本的改革支援に係る申請状況/採択結果は公表されるのか。特に学校名は公表されるのか。,申請受付時には、申請があった拠点に関する集計情報(申請件数(拠点数)、学校・機関の種別、学科の区分、対応する類型等)を公表しますが、都道府県名や学校名は公表しません。交付内定後には、類型と拠点名、協力校名及び都道府県全体での交付内定金額を、一覧で、文科省HPにて公表します。交付内定の内容については、文科省HP公表の1週間前を目安に都道府県に通知します。加えて、上記公表とは別に、交付内定となった拠点については様式4を再提出いただき、文科省HPで別途公表予定です。
166,15,9,交付申請に必要な書類は何か。,交付要綱別紙様式1に記載のある、所要額調書、事業計画書、予算書等のほか、改革促進事業計画の年度別スケジュールがわかる書類をご提出いただきます。
167,15,10,本公募では申請を行わず、追加公募にて最初の申請を行うことは考えられるか。(6月に議会の予算承認が行われる予定でおり、申請段階で予算書が用意できない可能性がある。),都道府県として本公募で申請を一切行わずに追加公募のみで申請を受けることは想定しておりません。予算書については、事業計画の申請段階では提出していただく必要はありません(申請様式1-1に知事名や教育⻑名を記載していただくことをもって実施可能性を判断します)が、交付申請の段階までにはご準備いただきますようお願いします。
168,15,11,採択後は、事業計画に記載した改革先導拠点別・類型別・費目別の経費のとおりに執行することが必要なのか。,基本的に、事業計画に準じて執行されるものと考えています。なお、費目間流用は県の事業総額(ある県における全改革先導拠点の経費の合計額)において制限しています。県の事業総額における各費目間で事業計画の50%を超える流用が必要な場合には、承認手続きが必要です。また、改革先導拠点間・類型間での流用、改革先導拠点内・類型内での費目間流用は制限していません。なお、各都道府県等における財務管理規則等によって運用されている予算の流用については、各改革先導拠点における教育改革の取組が十分に進められるようご配慮をお願いします。
169,15,12,申請状況と採択結果の公表において学校名は示されるか。,申請受付後、申請件数(学科区分を含み、個別の改革先導拠点名を含まない)を公表します。採択発表時は、各改革先導拠点名及び学科名(協力校名及び学科名、都道府県の上限額等を含む)を公表します。
170,15,13,申請前や内定前の段階において、県として「〇〇高校を類型1で申請予定」や「××高校を類型2で申請中」といった情報をマスコミ等に発信することは可能か。(総合教育会議などの、公表を前提とした会議での議論を進めるにあたり、確認したい趣旨),県として必要な情報発信を行っていただくことを妨げませんが、進路を検討する中学生等への配慮として、採択が未定であることが明確になるよう配慮する必要があると考えます。
171,15,1,市町村立の高校を改革先導拠点として申請する場合、審査の「必須項目」を満たす内容は、申請書様式のどこに記載すればいいのか。,申請様式1-1の(4)事業の意思決定・推進体制1改革促進事業計画の推進体制(戦略・企画段階)2事業の実施体制(実行・運用段階)(5)都道府県全体のプロジェクト推進体制(6)取組・成果の他校への普及(7)高等学校教育改革実行計画の検討体制において、改革先導拠点の設置者たる指定都市・市町村が参画、取り組むことが明確になっているかを確認します。
172,15,2,公募申請書の様式3における教育改革の内容と施設設備の整備との関係性を確認する専門家について、役職や人数の制限・指定はあるか。,専門家の役職について制限を設けるものではありませんが、計画に対して、様式3の趣旨に照らして、専門的見地から検討し、妥当であることを確認できる有識者を選定してください。また、人数についても、制限・指定はありません。
173,15,3,申請様式1-2 「(4)プロジェクトチームの具体的な役割」について、構成員の「氏名」を記載するようになっているが、個人氏名ではなく会社名等を記載してよいか。,文科省が設置する審査委員会では、申請書に書いてあることをもとに、審査要項に掲げている観点で評価を行います。連携先との関係もあると思うので、これを踏まえ、記載の要否や粒度感については各都道府県において適切に判断してください。
174,15,4,都道府県の施設内に遠隔授業のための配信センターを設置し、このセンターを改革先導拠点とする予定である。改革先導拠点が学校ではなく遠隔拠点等の場合、様式1-2はどのように記載したらよいか。,様式1-2【申請書提出時点の基礎情報】については、都道府県としての分析を踏まえ、下記のとおり記載ください。・「1学科・コース等の構成、学年別生徒数及び学級数」については記載不要・「2学校をとりまく環境と入学志願状況」については県全体の状況(又は事業の対象とする学校の状況)をもとに記載・「3進路等に関する状況」については県全体の状況(又は事業の対象とする学校の状況)をもとに記載なお、協力校に関する情報は、様式1及び6に遺漏なく記載ください。
175,16,5,申請様式4について、資料上部(記載例では「○○人材の養成に向けた○○教育の拠点形成」とされている箇所)には、様式1-2に記載する「ターゲット」欄を転記するのか。あるいは、「ターゲット」とは別に、各拠点の取組名称を記載すればよいか。,各拠点の取組名称をご記入ください。提案内容も踏まえ、各拠点における取組の特徴を表すものとして、各都道府県において適宜ご検討ください。
176,16,1,3つの類型全てで「放課後等を活用し、学校と地域の連携による学力向上・学習支援のための取組等」の実施が求められるか。その意図は。,3つの類型のうち、少なくともいずれか一つの改革先導拠点で「放課後等を活用し、学校と地域の連携による学力向上・学習支援のための取組等」を実施してください。意図としては、高校生の学習習慣の定着、学習時間の確保、学びへ向かう姿勢の確立につなげるとともに、高校の特色化・魅力化の一環として高校における学びの充実を目指すためです。
177,16,2,「高校と地域連携による学力向上・学習支援の取組み」は改革先導校の類型に含まれるのか。,「高校と地域連携による学力向上・学習支援の取組み」は改革先導拠点の類型ではありません。都道府県の改革先導拠点において取り組んでいただきたい取組内容になります。
178,16,3,既存の取組を活用することは可能か。,既存の取組を活用する場合、グランドデザインと本取組の趣旨を十分に踏まえて、地域の実情や生徒の学習ニーズに応えるよう工夫・発展し、学校と地域の連携によって実施できるよう検討が必要です。
179,16,4,放課後に学校外の機関が補習を行うことは、高等学校の管轄外で、高等学校教育改革の内容ではないのではないか。,高校生の学習習慣の定着、学習時間の確保、学びへ向かう姿勢の確立につなげるとともに、高校の特色化・魅力化の一環として高校における学びの充実を目指すためのものであり、高等学校教育改革の内容と考えます。
180,16,5,『学校と地域』の「地域」には、地元の小・中学校や、近隣の県立高校も含まれるのか。,「高校と地域連携による学力向上・学習支援の取組」の主な連携先としては、外部機関や地域人材、高等教育機関等を想定しています。
181,16,6,3つの類型の改革先導拠点以外の学校を別途改革先導拠点として指定して、「学力向上・学習支援」に関する取り組みを行ってもよいか。,3つの類型のいずれかの改革先導拠点において、学力向上・学習支援の取組を実施してください。
182,16,7,申請書に記載する地域連携による学力・学習支援に関する取組について、絶対に抑えるべき要素は何か。また、こうした取組が教育改革にどのように資すると考えているのか。,1高校生の学習習慣の定着、学習時間の増加、学びへ向かう姿勢の確立につなげる取組であり、2正規の授業以外の時間(朝、放課後、⻑期休暇等)を活用し、3学校と地域が連携し行う取組であること、の3点が抑えるべき要素です。高校の特色化・魅力化の一環として高校における学びの充実を目指すためのものであり、高等学校教育改革に資すると考えます。
183,16,8,学力向上・学習支援の取組は、高校内で行っても、高校以外の場所を活用して行ってもよいのか。,問題ありません。地域人材と連携し校内の空き教室などを活用する形態や、市町村教育委員会やNPO法人等に委託して高校以外の場所を活用する形態なども想定されます。
184,16,9,学力向上の取組を取り入れた類型が仮に不採択となった場合、採択となった別の類型に移し替えて取り組む必要があるなど、他の審査に影響を与える可能性はあるか。,採択拠点への影響はありません。「高校と地域の〜」を設定した提案が不採択となった場合、追加募集への応募を検討し、必ず「高校と地域の〜」の取組を含めた提案ください。
185,16,10,「地域」の概念には何が含まれるか。,地域として、外部機関、NPO法人、地域人材、高等教育機関、市町村教育委員会等を想定しています。
186,16,11,「高校と地域連携による学力向上・学習支援の取組」について、連携先とする機関・団体は、学校所在地域に本部を有するなど地元に地盤を有する主体に限るのか。,ご質問のような制限は設けておりません。改革先導拠点における取組み内容と照らして適切に判断いただくようお願いします。
187,16,12,地域の学びの観点について。これらの取組みについても個別の目標を設定する必要があるのか。,「高校と地域の〜」について、個別の目標設定を義務付けるものではありません。
188,16,13,放課後等を活用した学校と地域の連携による学力向上学習支援について探求ラボなどで地域と連携した探究活動を行うという認識でも良いか。,授業時間外に行う活動・取組であれば構いません。1高校生の学習習慣の定着、学習時間の増加、学びへ向かう姿勢の確立につなげる取組であり、2正規の授業以外の時間(朝、放課後、⻑期休暇等)を活用し、3学校と地域が連携し行う取組であること、の3つの要件を満たしてください。
189,17,14,⺠間事業者に委託することは可能か。,本事業は改革先導拠点における教育改革の取組内容に直接資する経費が補助対象であり、「地域との連携・協働による学力向上・学習支援」についても、改革先導拠点における取組として位置付けられていることが必要です。その上で、⺠間事業者に委託する場合には、各都道府県の規定など必要な会計ルールに基づき、適切に契約及び執行管理を行ってください。なお、⺠間事業者に委託する場合には、改革先導拠点の取組がより充実したものとなるよう十分に協議を行いながら実施していただくようお願いします。
190,17,15,市町村が行う地元高校生を対象とした教育活動を支援することは可能か(市町村が設置した学びの場の運営費の補助等)。,本事業は改革先導拠点における教育改革の取組内容に直接資する経費が補助対象であることから、市町村が主体的に取り組む事業を本事業の補助対象とすることはできません。なお、改革先導拠点が実施する取組として、その一部を市町村に委託することは可能です。市町村に委託する場合には、各都道府県の規定など必要な会計ルールに基づき、適切に契約及び執行管理を行ってください。
191,17,16,生徒を対象にした事業を行う際は、改革先導拠点ではなく教育委員会が横断的に実施する方がより効果的と考えられるが、教育委員会が主体で事業を実施することは可能か。,本事業は改革先導拠点における教育改革の取組内容に直接資する経費が補助対象であり、教育委員会が複数の改革先導拠点に共通した取組をまとめて委託することも考えられますが、改革先導拠点における取組として位置付けられていることが必要です。
192,17,17,どのような人材の配置を想定しているのか。当該校の教員の配置を想定しているのか。,「地域との連携・協働による学力向上・学習支援」の取組は、地域人材の活用や、⺠間企業からの講師派遣などを想定しています。なお、教員が個人として、兼職兼業等により本取組に参画することまで妨げるものではありませんが、その場合は、「学校関係団体が実施する事業に係る兼職兼業等の取扱い及び学校における会計処理の適正化についての留意事項等について(通知)」(平成24年5月9日付け24文科初第187号)などの関連する当省通知等も十分に確認した上で、適切な労務管理のもとに実施してください。
193,17,18,「高校と地域連携による学力向上・学習支援の取組」として放課後学習支援等を行う場合に、改革先導拠点の生徒だけではなく、協力校等の生徒にも提供することは可能か。,「高校と地域連携による学力向上・学習支援の取組」は改革先導拠点の生徒に係る取組を想定しています。ただし、例えば、改革先導拠点の生徒向けに学力向上・学習支援に係る取組を行う際に、他校の生徒が先導拠点に赴き参加する場合など、改革先導拠点の取組の中に他校の生徒が参加することは可能と考えます。この場合、改革先導拠点の生徒分と他校の生徒分とが切り分けられる性質の経費は、改革先導拠点の生徒分のみ補助対象となります。
194,17,1,来年度からの高等学校等就学支援金制度に関する説明会において、一部留学生に対する授業料相当額の支援について高校改革基金を活用して実施される見込みであるという説明があったが、すべての高等学校等を対象とした就学支援の一環としてではなく、グルーバル化にむけた改革先導拠点と位置付けられる一部の学校における留学環境構築支援を目的としたものに限るという理解でよいか。,貴見のとおりです。改革促進事業の取組の一環として、新たに開発する教育プログラムの試行的実施等の留学支援を含むグローバル人材育成支援に向けた取組を実施することも可能です。なお、生徒の海外への移動に伴う渡航費や滞在費については対象外となりますのでご留意ください。
195,17,1,改革先導拠点において、特別の教育課程の編成を認める制度(以下、「特例」という。)を利用した取組を行うことは可能か。,改革先導拠点における取組として特例を利用することも差し支えありませんが、各都道府県において本事業計画に同特例を導入する場合には、本事業の目的に資するものであること、本事業において新たに取り組むものであり既存の取組とは異なることについて、事業計画に明確に記載ください。なお、特例を活用しようとする取組が現行制度でも実現可能であるかについては、予め十分に確認ください。
196,17,2,改革先導拠点における取組について、研究開発特例として行う研究開発の内容を含めた事業計画とすることも差し支えないか。,基本的に想定していません。ただし、例えば、中央教育審議会における学習指導要領改訂の議論を先取りして取り組むものであり、本事業終了後の改革先導拠点における取組の継続が十分可能であると考えられる場合等には、学校教育法施行規則85条の適用による特例(以下「85条特例」という。)を活用した取組とすることも考えられます。なお、その場合には、85条特例の活用が本事業の取組に資するものであるとともに、他校への普及に向け、現行制度または85条特例ではない特例として実施できるような取組が含まれていることが必要です。また、85条特例と本事業の取組内容と及びその経費を明確に区分することについて、明確かつ具体的に説明ください。
197,18,3,改革先導拠点の取組において特例を利用する場合、申請前に認定されていることが必要か。事業開始後に特例の認定を受けることは可能か。,いずれでも差し支えありません。ただし、本事業では既存の取組ではない新たな取り組みを支援対象としていることから、申請前に認定されている場合には、本事業の取組において認定済みの内容を超えた特例が必要な場合は、改めて認定手続きが必要です。本事業において新たな特例を活用した取組を検討している場合は、まず速やかに、文部科学省(本事業担当)に相談ください。そのうえで、事業開始後に認定を受ける場合には、事業計画に明確に記載するとともに、特例の必要な年度の前年度に認定手続きを行ってください。なお、この場合、事業終了時点となる令和10年度末に特例の認定も終了となります。特例を必要とする取組を事業期間終了後どのように継続するのかについて、事業計画において具体的かつ明確に説明ください。
198,18,4,改革先導拠点における特例の導入が事業最終年度となることも差し支えないか。,本事業において求める先導的取組の実施と都道府県内各校への普及という目的を達成できる計画であれば、差し支えありません。
199,18,5,改革先導拠点において、事業計画期間終了後に特例の導入を前提とする事業計画とすることは可能か。,可能です。ただし、本事業への申請に際して将来的な特例導入を説明することが不可欠な場合には、同特例導入も含めた教育改革のロードマップおよび改革後の全体像を示したうえで、本事業における取組の位置付け(何をどこまで取り組むのか)を明確にしてください。
200,18,6,改革先導拠点における取組の普及に当たっては、特例による取組の内容そのものを同水準で県内各校でも実現することが求められるのか。,本事業における取組の普及としては、改革先導拠点における取組をモデルとして、その内容・手法・実施体制・枠組み等を、県内他校の教育改革に必要な範囲で普及させることを想定しています。先導的取組そのものを、他校でも全く同様な形で取り込むことまで求めるものではありません。なお、取組の普及としては、例えば、改革先導拠点において開発したカリキュラムについて、他校では援用可能な一部を授業に組み入れて実施するなどの形も考えられます。
201,18,7,今回の改革に対して、新たな定数措置(加配措置)は考えられているか。,改革先導拠点であることのみをもって定数措置を行うことは予定しておりません。ただし、各都道府県の判断による柔軟な教師の配置を妨げるものではありません。
202,18,1,公募要領「10.(2)事業の進捗状況報告等」にある、文部科学省による事業計画のフォローアップ調査や成果検証に資する調査等とはどのようなことを行う予定か。,文部科学省が委託する事業者等と連携し、以下の取組を実施する予定です。・各都道府県が交付申請時に提出した書類を踏まえた、教育改革の進捗状況の確認・上記の確認により明らかになった課題の共有及び助言・文部科学省として行う事業の成果検証に必要なデータ収集等の協力依頼 等
203,18,1,追加公募の申請拠点は、本公募で不採択となった拠点しか受け付けられないのか。,基本は本公募で申請した拠点を再度申請いただきますが、審査結果にかかる改善事項等を踏まえた対応として、申請拠点を変更することが適切であると判断される場合には、申請拠点を変更することも可能です。
204,18,2,追加公募の上限額はいくらなのか。,既採択拠点に係る内定額を含めて62億円程度となります。例えば、既採択拠点の内定額が20億円の場合、追加公募では42億円の申請が可能です。
205,18,3,様式5「地域連携・協働による学力向上・学習支援の取組概要」について、本公募の際には申請した拠点全てが連動する形で取り組むと提出していたが、一部の拠点が不採択となった。追加公募において、様式5を再度、作り直す必要があるのか。,地域連携・協働による学力向上・学習支援の取組を、本公募で採択となった拠点のみで行うこととなった場合には、その内容に修正し再提出ください。また、追加公募で再度申請する拠点も含め、本公募と同様に全ての拠点が連動する形で取り組む予定の場合には、その内容のとおりの資料としてご提出ください。
206,18,4,様式7はどのように記載したらよいか。,様式7は、審査結果に係る所見等を受けて、どのような見直しを図ったのかについて、審査委員が概観するための補足資料です。このため、見直し内容について端的に記載をお願いします。また、すでに採択された拠点に係る記載や、所見等が無い項目については記載不要です。
207,18,5,都道府県単位の評点のうち、明確に既採択拠点の指摘であるものについても対応する必要があるのか。,改善を要する点の指摘のうち、既採択拠点のみに限ったものについては、追加公募における事業計画書の修正等の対応は不要です。ただし、指摘内容は、採択後の伴走支援におけるフォローアップ事項として取扱いますので、あらかじめご承知おきください。
208,18,6,前回申請から記載を変更した部分を見え消しにした資料を提出する必要があるか。,修正内容を見え消しにした資料を提出していただく必要はありません。ただし、様式7において指摘を踏まえてどのような修正を行ったのかをわかるようにしてください。
209,19,7,申請書の修正は、改善を要する点の指摘を踏まえたもののみに限る必要があるのか。指摘を受けていない内容について修正を行うことは可能か。,申請書の修正は、改善を要する点の指摘を踏まえたものである必要があります。また、指摘を踏まえた修正の際には、事業計画全体を通して整合を図る観点からの修正もあわせて行っていただくようお願いします。例えば、拠点の取組内容(様式1-2)について、「育成する人材像や教育改革の内容が不明確」との指摘があった場合、・様式1-2に、具体的な人材像や教育改革の内容(対応する授業科目や外部機関との連携内容など)を具体的に記載する必要があるほか、これに付随して、・様式1-1に、県の課題・分析の更なる修正・様式3に、施設設備の整備内容を追記といった対応が想定されます。
210,19,8,1つの審査項目の中に改善を要する点の指摘が複数箇条書きされている場合、様式7の記載は一対一対応とする必要があるのか。,必ずしも一対一対応させる必要はありません。指摘内容に対応する修正内容が整理できていれば、複数の指摘についてまとめて対応を記載していただく形でも結構です。
211,19,9,改善を要する点の指摘を踏まえ、様式1-2の都道府県の課題分析の修正を加える予定だが、既採択校に係る記載も修正して良いか。,様式1-1の2.(1)の注釈に記載しているとおり、既に審査が終了している既採択校に係る記載の修正はできる限り行わないようお願いします。仮に修正を加える場合には、改善を要する点の指摘を踏まえた記載の充実を図るものであり、今回申請する先導拠点に係る記載との関係で修正が不可避である場合に限るようお願いします。なお、既採択拠点に係る記載に修正を加えた場合であっても、既採択拠点にかかる事業計画の再審査は行いません。
212,19,10,追加公募に係る審査では、前回申請と同じ審査委員が対応するのか。,審査要項にも記載があるとおり、前回申請に係る審査では、各都道府県の申請を複数の分科会で担当しました。追加公募における各都道府県の審査は、前回と同じ分科会において担当することを想定しています。
213,19,11,申請する拠点の変更は可能か。,審査結果に係る改善事項等を踏まえた対応として行う変更である場合に限り可能です。なお、変更する際には、様式7に変更に至った事由を記載していただくようお願いします。
214,19,12,申請する類型の変更は可能か。,審査結果に係る改善事項等を踏まえた対応として行う変更である場合に限り可能です。なお、変更する際には、様式7に変更に至った事由を記載していただくようお願いします。また、公募要領に記載しているとおり、同じ類型の中で複数拠点の提案を行う場合、拠点の設置目的や改革目標の内容が異なっている必要がありますのでご留意ください。
215,19,13,追加公募に係る採択結果公表(内示)の予定時期を踏まえると、工事の実施方法の変更等、前回申請で予定していた事業期間の短縮が必要になる。申請書はどのように記載すれば良いか。,様式7の「事業計画の見直し内容」欄に変更内容を追記した上で、関連する様式の修正をお願いします。(例)・教育内容の具体化について更なる検討を加え、学校設定科目「〇〇」を設定・・・した。あわせて、追加公募に係る採択スケジュールを踏まえて〇〇棟の改修工事の実施方法を見直し事業実施期間の短縮を行った。
216,19,14,追加公募に申請する拠点の経費について、前回申請時から増額あるいは減額は可能か。,審査結果に係る改善事項等を踏まえた対応として行う変更である場合に限り可能です。具体的には、審査結果に係る改善事項として、個別具体の設備等の積算水準の指摘された場合に積算の適正化を図ることや、教育改革の内容について指摘された場合にその内容とあわせて購入する備品等を見直す場合などが考えられます。ただし、公募要領に記載しているとおり、申請可能額は、既採択拠点と追加公募に申請する拠点を併せて62億円程度が上限額であることにご留意ください。
217,19,15,様式3の修正をする際、再度「4.専門家の確認」は必要か。,「4.専門家の確認」は、導入する施設・設備の妥当性や、その水準の妥当性について、専門家による確認がなされているかどうかを確認するために活用するものです。このため、導入する施設・設備の内容は数量等を変更する場合や、スペック等の水準を変更する場合には、改めて専門家の確認を行っていただくことが想定されます。ただし、様式3の1・2・3についての説明を具体化・詳細化しただけで、施設整備の内容や施設の使途が変わらない場合は、改めての確認は不要です。
218,19,16,追加第1回申請と追加第2回申請のどちらに申請するかで、審査上の有利・不利があるのか。,今般の追加公募は、県のご事情等により申請時期を選択いただけるように、複数回の申請期限を設けたものです。前回申請時と同様に、公募申請はいずれか1回のみとし、審査基準に基づく絶対評価により採択又は不採択を審査します。このため、申請するタイミングによって採択が有利/不利に働くものではありません。
219,19,17,ヒアリング審査の所要時間や進め方は前回と同じか。,ヒアリング審査の詳細は改めてご案内する予定です。なお、ヒアリング審査の進め方については、前回申請と同様、都道府県からの説明の後に審査委員との質疑応答を行う予定としています。
220,19,18,修正箇所整理表には記述量の制限はあるのか。,特に設けておりません。指摘に対する受け止めや修正の内容を端的に記載してください。記載欄の行幅が足りない場合には幅を調整してください。なお、記述量の多寡そのものが審査に影響するものではありません。
221,20,19,7月21日頃としていた追加公募の開始が後ろ倒しとなったが、申請期限も遅らせるのか。,追加公募要領にも示しているとおり、8月10日のほかに、9月11日も申請期限として設定しています。申請期限は、各都道府県の実情等も踏まえ設定したものですが、一方で、早期に事業着手したいといったご意見も頂戴しているため、8月10日の締切日も設定しているものです。上記のとおり、前回申請時と同様に、公募申請はいずれか1回のみとし、審査基準に基づく絶対評価により採択又は不採択を審査します。このため、申請するタイミングによって採択が有利/不利に働くものではありませんので、各都道府県においてそれぞれのご事情等を踏まえ、申請時期をご検討ください。
222,20,1,R7に指定を受けていたDXハイスクールがR8に継続をしなければ、基金事業の改革先導拠点として選定することは可能か。,可能です。
223,20,2,DXハイスクール事業のうち、域内横断的な取組はR7限りとなったが、指定を受けている各学校の補助金事業に係る今後の見通しは。,令和9年度以降については、検討中です。
224,20,3,DXハイスクールについて想定される具体的なスケジュールは。,現在、検討中です。想定としましては、令和7年度と同様のスケジュールを想定しております。
225,20,4,DXハイスクールについて本省繰越を行うか。,文部科学省において一括して繰越しを行い、令和8年度の事業として実施する予定です。
226,20,5,DXハイスクール指定校が、改革先導拠点から除外される理由は。,類似する内容が多く、事業の差別化が難しいと考えられるため重複不可とすることを想定しております。
227,20,6,令和7年度限りとなるのは、”「都道府県による域内横断的な取組」のみ”との意味か、それとも”「都道府県による域内横断的な取組」を含む、「高等学校DX加速化推進事業(DXハイスクール)」全体”との意味か。,令和7年度限りとなるのは「都道府県による域内横断的な取組」です。令和7年度補正予算のDXハイスクールの概要は文科省HPを御確認ください。※事業別資料集P8https://www.mext.go.jp/content/20251117-ope_dev02-000037774_2.pdf
228,20,7,DXハイスクールを継続せず本事業を行う学校について、DXハイスクールとしての5年後の実績報告はどのようにすればよいか。,実施要領5.取組状況報告のとおり、文部科学省は補助事業者に対し、補助事業の完了の日の属する年度の翌年度から起算して5年間、補助対象事業の取組に関し別に定める様式により取組状況報告書の提出を求め、公表ができることとしております。このため、取組状況報告書の提出を求めた際には対応いただきますようお願いします。
229,20,8,R7のDXハイスクール申請の際の計画について、R8に継続をせず改革先導拠点となった後もその実現に向けた取組を行う事が前提となるなど、何か条件となることがあるか。,あくまで別事業のため前提となるわけではありませんが、DXハイスクールについては、提出していただいた事業計画書を審査した上で交付決定しているため、その際計画された項目の達成を目指すことに努めていただきますようお願いします。
230,20,9,DXハイスクール指定校と本事業の指定校の両者が緊密に連係する事業は、想定されるか。,両者が緊密に連係する事業についてどのような内容を想定されているか不明ですが、それぞれの事業の趣旨に則った内容であれば、両者が緊密に連携をすることも想定されます。
231,20,10,新規校にあった重点類型が無くなっているが、これは基金事業に後継されたという認識でよいか。,重点類型については、新規募集は行わず、継続校での実施のみとする予定です。重点類型での取組内容がそのまま基金事業に継承されたわけではありませんが、例えば、プロフェッショナル型で取り組んでいただいている産業界と連携した取組などは、基金事業における「アドバンスト・エッセンシャルワーカー育成等支援」の枠組みで取り組んでいただく内容と共通するものです。
232,20,11,基金事業とDXハイスクールの採択校の重複は無しということだが、応募の重複は可能か。,新規でDXハイスクールを申請されるのはご遠慮いただき、改革先導拠点にコミットいただきたいと考えていますが、重複しての申請を妨げるものではありません。継続校も含め、DXハイスクールに申請・採択後に、基金における改革先導拠点として申請し採択が決まった場合、DXハイスクールは中止(廃止)の手続きをしていただくことになります。改革先導拠点の採択が決まるまでの間に、DXハイスクール事業として支出をした経費については、DXハイスクール事業の経費として処理することとなります。また、DXハイスクール事業で申請した目標は基金事業への引継ぎが必要です。なお、DXハイスクール事業の目標を達成しなくてよいわけではなく、さらに追加の目標をつけて申請いただく必要があります。
233,21,12,DXハイスクールの新規採択校について、基金事業の採択結果が出るまで県内で執行を行わなければ、報告書等のフォローアップは不要となるのか。,交付決定を受けた場合は、執行の有無に関わらず実績報告書等の提出が必要です。(参考:高等学校等デジタル人材育成支援事業費補助金(高等学校DX加速化推進事業)交付要綱 抜粋)(実績報告)第12条補助事業者は、補助事業が完了したとき(第9条の規定による廃止の承認を受けたときを含む。)は、その日から1か月を経過した日又はその翌会計年度の4月10日のいずれか早い日までに、補助金の交付の決定に係る国の会計年度が終了した場合(補助事業が完了せずに国の会計年度が終了した場合)には、補助金の交付の決定をした会計年度の翌会計年度の4月30日までに、実績報告書(様式第12)を大臣に提出しなければならない。
234,21,13,DXハイスクール事業の採択校において、改革先導拠点の採択が決まるまでの間に発注をした備品について、改革先導拠点の採択に伴いDXハイスクールの中止(廃止)手続き後に納品・支出となった場合の経費の扱いはどうなるか。,DXハイスクール事業でも基金事業でも、内定後に事業着手(契約)し、補助対象期間内に納品された備品に係る経費が補助対象となります。したがって、DXハイスクール事業の内定後・抜本的改革支援の内定前に契約が行われ、DXハイスクール事業の中止(廃止)承認後に納品された備品に係る経費は、DXハイスクール事業及び基金の抜本的改革支援の補助対象外となります。
235,21,1,ネクストマイスターハイスクール(R8概算要求)の扱いについて。,ネクスト・マイスター・ハイスクール事業は、これまでのマイスター・ハイスクール事業(普及促進事業含む)における成果を踏まえ、更なるモデル構築のため概算要求を行っていましたが、今回のR7補正予算による基金の創設等により、予算に計上されないこととなったものです。改革先導拠点での取組については、ネクスト・マイスター・ハイスクール事業としてお示ししていた取組内容をそのまま要件とするものではありませんが、産業界等との連携を前提として取組を推進していただくことについては共通するものです。【12/5都道府県向け説明会(第2部) 説明資料1 P12を参照】
236,21,2,現在マイスターハイスクールの指定を受けている県に対しては、継続性を担保されるのか。,マイスター・ハイスクール事業(普及促進事業含む)の事業実施期間は令和7年度までとなっており、これまでも事業期間終了後の自走に向けた連携体制構築をお願いしてきました。これまで同様に次年度以降の自走に向けた取組についてご検討をお願いします。なお、マイスター・ハイスクール事業で取り組んできた産業界等と連携した取組は、基金における改革先導校での取組にも共通するものです。【12/5都道府県向け説明会(第2部) 説明資料1 P12を参照】
237,21,3,令和7年度マイスターハイスクール普及促進事業の拠点校になっている専門高校を、改革先導拠点とすることは可能か,差支えありません。
238,21,4,マイスターハイスクールの取組を基金に取り入れることは可能か。,マイスター・ハイスクールの取組を基金に取り入れることは問題ありませんが、マイスター・ハイスクールの取組をそのまま実施すればよいものではありません。マイスター・ハイスクール事業のこれまでの取組や成果を十分に踏まえ、グランドデザインや都道府県の課題設定を踏まえた新たな取組を企画立案していただくことが必要となります。
239,21,1,令和7年度限りとなる「新時代に対応した高校化改革推進事業」の扱いは。,令和6年度に採択し、令和8年度までの継続契約を予定していた公立高校については、継続契約は実施せず、令和7年度をもって委託契約を終了することになります。【12/5都道府県向け説明会(第2部) 説明資料1 P12を参照】
240,21,1,令和7年度限りとなる「WLLコンソーシアム事業」の扱いは。,令和6年度に採択し、令和8年度までの継続契約を予定していた公立高校については、継続契約は実施せず、令和7年度をもって委託契約を終了することになります。【12/5都道府県向け説明会(第2部) 説明資料1 P12を参照】
